vowel,duration,word,syl_num,syl_in_word,par?_of_word,par?_of_speech,first,final,nasal,,СРЗНАЧ,СТАНДОТКЛОН
u,0.070154834, afu,2,2,root,,yes,yes,not nasal,а,0.081863986,0.02480261
u,0.073981461, afu,2,2,root,,yes,yes,not nasal,?,0.075272236,0.019553304
u,0.081634716, afu,2,2,root,,yes,yes,not nasal,,,
a,0.081634716, afu  ,1,2,pref,,yes,no,not nasal,,,
a,0.068879292, afu  ,1,2,pref,,yes,no,not nasal,,,
a,0.072705919, afu  ,1,2,pref,,yes,no,not nasal,,,
u,0.090689403, apu,2,2,root,,yes,yes,not nasal,,,
u,0.069855351, apu,2,2,root,,no,yes,not nasal,,,
u,0.081480402, apu,2,2,root,,yes,yes,not nasal,,,
a,0.085787273, apu  ,1,2,pref,,yes,no,not nasal,,,
a,0.078434078, apu  ,1,2,pref,,yes,no,not nasal,,,
a,0.068944955, apu  ,1,2,pref,,yes,no,not nasal,,,
?,0.105294165, ap?,2,2,root,,yes,yes,not nasal,,,
?,0.093314821, ap?,2,2,root,,yes,yes,not nasal,,,
?,0.103012385, ap?,2,2,root,,yes,yes,not nasal,,,
a,0.079507839, ap?  ,1,2,pref,,yes,no,not nasal,,,
a,0.083196347, ap?  ,1,2,pref,,yes,no,not nasal,,,
a,0.087560527, ap?  ,1,2,pref,,yes,no,not nasal,,,
a,0.134871058, ba  ,1,1,roo?,,no,yes,not nasal,,,
a,0.110841993, ba  ,1,1,roo?,,no,yes,not nasal,,,
a,0.103835272, ba  ,1,1,roo?,,no,yes,not nasal,,,
a,0.103897006, ba  ,1,1,roo?,,no,yes,not nasal,,,
a,0.117279181, baa  ,1,1,roo?,,no,yes,not nasal,,,
a,0.136825711, baa  ,1,1,roo?,,no,yes,not nasal,,,
i,0.056029492, baali,2,2,root,,no,yes,not nasal,,,
i,0.059531336, baali,2,2,root,,yes,yes,not nasal,,,
i,0.059252418, baali,2,2,root,,yes,yes,not nasal,,,
a,0.128288692, baali  ,1,2,roo?,,no,no,not nasal,,,
a,0.116728109, baali  ,1,2,roo?,,no,no,not nasal,,,
a,0.143671985, baali  ,1,2,roo?,,no,no,not nasal,,,
i,0.049868412, bali,2,2,root,,no,yes,not nasal,,,
i,0.076464899, bali,2,2,root,,no,yes,not nasal,,,
i,0.050484072, bali,2,2,root,,yes,yes,not nasal,,,
a,0.104723666, bali  ,1,2,roo?,,no,no,not nasal,,,
a,0.132982433, bali  ,1,2,roo?,,no,no,not nasal,,,
a,0.116113365, bali  ,1,2,roo?,,no,no,not nasal,,,
?,0.15957892, b?  ,1,1,roo?,,no,yes,not nasal,,,
?,0.137661445, b?  ,1,1,roo?,,no,yes,not nasal,,,
?,0.158840129, b?  ,1,1,roo?,,no,yes,not nasal,,,
?,0.045374099, b?r?d?,1,3,,,no,no,not nasal,,,
?,0.047354393, b?r?d?,1,3,,,no,no,not nasal,,,
?,0.051561476, b?r?d?,2,3,,,no,no,not nasal,,,
?,0.090748198, b?r?d?,3,3,,,no,yes,not nasal,,,
?,0.072216849, b?r?d?,3,3,,,no,yes,not nasal,,,
?,0.065998689, b?r?d? ,1,3,,,no,no,not nasal,,,
?,0.061873771, b?r?d? ,2,3,,,no,no,not nasal,,,
?,0.043896516, b?r?d? ,2,3,,,no,no,not nasal,,,
?,0.098998034, b?r?d? ,3,3,,,no,yes,not nasal,,,
i,0.092785006, bili  ,1,2,roo?,V,no,no,not nasal,,,
i,0.072100558, bili  ,1,2,roo?,V,no,no,not nasal,,,
i,0.093032978, bili  ,1,2,roo?,V,no,no,not nasal,,,
i,0.049485337, bili  ,2,2,root,V,no,yes,not nasal,,,
i,0.056982699, bili  ,2,2,root,V,no,yes,not nasal,,,
i,0.074426382, bili  ,2,2,root,V,no,yes,not nasal,,,
i,0.14889147, biri  ,1,2,roo?,V,no,no,not nasal,,,
i,0.144419072, biri  ,1,2,roo?,V,no,no,not nasal,,,
i,0.144949117, biri  ,1,2,roo?,V,no,no,not nasal,,,
i,0.072209536, biri  ,2,2,root,V,no,yes,not nasal,,,
i,0.119941263, biri  ,2,2,root,V,no,yes,not nasal,,,
i,0.101680724, biri  ,2,2,root,V,no,yes,not nasal,,,
u,0.05916487, bu??wi,1,3,,,no,no,not nasal,,,
u,0.047570604, bu??wi,1,3,,,no,no,not nasal,,,
u,0.041310747, bu??wi  ,1,3,,,no,no,not nasal,,,
?,0.098582464, but?wi,2,3,,,no,no,not nasal,,,
i,0.083975944, but?wi,3,3,,,no,yes,not nasal,,,
i,0.048676897, but?wi,3,3,,,no,yes,not nasal,,,
?,0.066799046, but?wi  ,2,3,,,no,no,not nasal,,,
?,0.088503449, but?wi  ,2,3,,,no,no,not nasal,,,
i,0.069477165, but?wi  ,3,3,,,no,yes,not nasal,,,
?,0.112296277, b?  ,1,1,roo?,,no,yes,not nasal,,,
?,0.118206607, b?  ,1,1,roo?,,no,yes,not nasal,,,
?,0.092595176, b?  ,1,1,roo?,,no,yes,not nasal,,,
a,0.103280918, bwal  ,1,1,roo?,,no,no,not nasal,,,
a,0.1299915, bwal  ,1,1,roo?,,no,no,not nasal,,,
a,0.080681862, bwal  ,1,1,roo?,,no,no,not nasal,,,
a,0.08241232, ?ba,2,2,root,N,yes,yes,not nasal,,,
a,0.081975069, ?ba,2,2,root,N,yes,yes,not nasal,,,
?,0.084351434, ?ba ,1,2,pref,N,yes,no,not nasal,,,
?,0.068800504, ?ba ,1,2,pref,N,yes,no,not nasal,,,
?,0.08175957, ?b?,2,2,,,no,yes,not nasal,,,
?,0.072044634, ?b?,2,2,,,no,yes,not nasal,,,
?,0.070869506, ?b?,2,2,,,no,yes,not nasal,,,
?,0.065449004, ?b? ,1,2,,,yes,no,not nasal,,,
?,0.058614091, ?b? ,1,2,,,yes,no,not nasal,,,
?,0.054985348, ?b? ,1,2,,,yes,no,not nasal,,,
i,0.07582445, ?ci,2,2,root,N,yes,yes,not nasal,,,
i,0.081762763, ?ci,2,2,root,N,yes,yes,not nasal,,,
i,0.094865093, ?ci,2,2,root,N,no,yes,not nasal,,,
?,0.096238724, ?ci ,1,2,pref,N,yes,no,not nasal,,,
?,0.086390844, ?ci ,1,2,pref,N,yes,no,not nasal,,,
?,0.099112784, ?ci ,1,2,pref,N,yes,no,not nasal,,,
u,0.076869589, ?cu,2,2,root,N,no,yes,not nasal,,,
u,0.085297777, ?cu,2,2,root,N,yes,yes,not nasal,,,
u,0.068845163, ?cu,2,2,root,N,no,yes,not nasal,,,
?,0.092958572, ?cu ,1,2,pref,N,yes,no,not nasal,,,
?,0.112233917, ?cu ,1,2,pref,N,yes,no,not nasal,,,
?,0.080319356, ?cu ,1,2,pref,N,yes,no,not nasal,,,
?,0.118319174, ?dun,1,2,roo?,,yes,no,nasal,,,
?,0.114135593, ?dun,1,2,roo?,,yes,no,nasal,,,
?,0.096535396, ?dun,1,2,roo?,,yes,no,nasal,,,
u,0.100598748, ?dun  ,2,2,pref,,yes,no,not nasal,,,
u,0.06787645, ?dun  ,2,2,pref,,yes,no,not nasal,,,
u,0.055579072, ?dun  ,2,2,pref,,yes,no,not nasal,,,
u,0.076464899, ?f?l,2,2,,,no,no,not nasal,,,
?,0.063720749, ?f?l,2,2,,,no,no,not nasal,,,
?,0.054112333, ?f?l,2,2,,,no,no,not nasal,,,
?,0.082128966, ?f?l ,1,2,,,yes,no,not nasal,,,
?,0.072216849, ?f?l ,1,2,,,yes,no,not nasal,,,
?,0.043553829, ?f?l ,1,2,,,yes,no,not nasal,,,
?,0.105154628, ?ja?,1,2,roo?,,yes,no,nasal,,,
?,0.088100862, ?ja?,1,2,,,yes,no,not nasal,,,
i,0.112446729, ?ja?,1,2,,,yes,no,not nasal,,,
a,0.106878474, ?ja?  ,2,2,pref,,no,no,not nasal,,,
a,0.115497706, ?ja?  ,2,2,root,,yes,no,nasal,,,
a,0.11802191, ?ja?  ,2,2,,,yes,no,nasal,,,
?,0.066045737, ?k?  ,1,2,pref,N,yes,no,not nasal,,,
?,0.086167198, ?k?  ,1,2,pref,N,yes,no,not nasal,,,
?,0.092940108, ?k?  ,1,2,pref,N,yes,no,not nasal,,,
?,0.066045737, ?k?  ,2,2,root,N,yes,yes,not nasal,,,
?,0.088218798, ?k?  ,2,2,root,N,yes,yes,not nasal,,,
?,0.075356845, ?k?  ,2,2,root,N,no,yes,not nasal,,,
?,0.081303913, ?kp?  ,1,2,pref,N,yes,no,not nasal,,,
?,0.098065028, ?kp?  ,1,2,pref,N,yes,no,not nasal,,,
?,0.09005972, ?kp?  ,2,2,root,N,no,yes,not nasal,,,
?,0.086857596, ?kp?  ,2,2,root,N,no,yes,not nasal,,,
?,0.053454588, ?kp?r?,1,3,,,yes,no,not nasal,,,
?,0.030545479, ?kp?r?,1,3,,,yes,no,not nasal,,,
?,0.045818218, ?kp?r?,2,3,,,no,no,not nasal,,,
?,0.059181865, ?kp?r?,3,3,,,no,yes,not nasal,,,
?,0.045198184, ?kp?r?,3,3,,,no,yes,not nasal,,,
?,0.076363697, ?kp?r? ,1,3,,,yes,no,not nasal,,,
?,0.040090941, ?kp?r? ,3,3,,,no,yes,not nasal,,,
?,0.040090941, ?kp?r? ,2,3,,,no,no,not nasal,,,
?,0.036272756, ?kp?r? ,2,3,,,no,no,not nasal,,,
?,0.060088359, ?k?f?,1,3,,,yes,no,not nasal,,,
?,0.087330013, ?k?f?,1,3,,,yes,no,not nasal,,,
?,0.052577314, ?k?f?,3,3,,,no,yes,not nasal,,,
?,0.050487664, ?k?f?,3,3,,,no,yes,not nasal,,,
u,0.04694403, ?k?f?,2,3,,,no,no,not nasal,,,
?,0.065721642, ?k?f? ,1,3,,,yes,no,not nasal,,,
?,0.06196612, ?k?f? ,3,3,,,no,yes,not nasal,,,
?,0.037555224, ?k?f? ,2,3,,,no,no,not nasal,,,
?,0.032748755, ?k?f? ,2,3,,,no,no,not nasal,,,
?,0.093839017, ?l??,2,2,,,no,no,nasal,,,
?,0.082348525, ?l??,2,2,,,no,no,nasal,,,
?,0.091425423, ?l??,2,2,,,no,no,nasal,,,
?,0.083315091, ?l?? ,1,2,,,yes,no,not nasal,,,
?,0.087882975, ?l?? ,1,2,,,yes,no,not nasal,,,
?,0.097520451, ?l?? ,1,2,,,yes,no,not nasal,,,
?,0.086044125, ?l?bu,1,3,pref,N,yes,no,not nasal,,,
?,0.158328522, ?l?bu,1,3,pref,N,yes,no,not nasal,,,
?,0.066183387, ?l?bu,2,3,root,N,no,no,not nasal,,,
?,0.058487644, ?l?bu,2,3,root,N,no,no,not nasal,,,
u,0.047713605, ?l?bu,3,3,root,N,no,yes,not nasal,,,
u,0.075276067, ?l?bu,3,3,root,N,no,yes,not nasal,,,
?,0.068018013, ?l?bu ,1,3,pref,N,yes,no,not nasal,,,
?,0.07743561, ?l?bu ,1,3,pref,N,yes,no,not nasal,,,
?,0.067722535, ?l?bu ,2,3,root,N,no,no,not nasal,,,
?,0.11802191, ?l?bu ,2,3,root,N,no,no,not nasal,,,
u,0.053870199, ?l?bu ,3,3,root,N,no,yes,not nasal,,,
u,0.053870199, ?l?bu ,3,3,root,N,no,yes,not nasal,,,
?,0.122181845, ?l??,2,2,root,N,no,no,nasal,,,
?,0.104287504, ?l??,2,2,root,N,no,no,nasal,,,
?,0.099831909, ?l??,2,2,root,N,no,no,nasal,,,
?,0.105890933, ?l??,1,2,pref,N,yes,no,not nasal,,,
?,0.092513108, ?l??,1,2,pref,N,yes,no,not nasal,,,
?,0.118279109, ?l??,1,2,pref,N,yes,no,not nasal,,,
?,0.100462025, ?n?bu,1,3,pref,N,yes,no,nasal,,,
u,0.068823853, ?n?bu,3,3,root,N,no,yes,nasal,,,
?,0.107365211, ?n?bu ,2,3,root,N,no,no,nasal,,,
a,0.095427209, ??a?  ,2,2,root,N,yes,no,nasal,,,
a,0.083114021, ??a?  ,2,2,root,N,yes,no,nasal,,,
a,0.098779133, ??a?  ,2,2,root,N,yes,no,nasal,,,
?,0.070800833, ??a?  ,1,2,pref,N,yes,no,nasal,,,
?,0.065674239, ??a?  ,1,2,pref,N,yes,no,nasal,,,
?,0.100653304, ??a?  ,1,2,pref,N,yes,no,nasal,,,
?,0.094709868, ???  ,1,2,pref,N,yes,no,nasal,,,
?,0.074910126, ???  ,1,2,pref,N,yes,no,nasal,,,
?,0.099361517, ???  ,2,2,root,N,no,yes,not nasal,,,
?,0.08147716, ???  ,2,2,root,N,yes,yes,not nasal,,,
a,0.079420064, ??ma?  ,2,2,root,N,no,no,nasal,,,
a,0.079420064, ??ma?  ,2,2,root,N,no,no,nasal,,,
a,0.079283251, ??ma?  ,2,2,root,N,yes,no,nasal,,,
?,0.088894547, ??ma?  ,1,2,pref,N,yes,no,nasal,,,
?,0.079545508, ??ma?  ,1,2,pref,N,yes,no,nasal,,,
?,0.083756873, ??ma?  ,1,2,pref,N,yes,no,nasal,,,
?,0.088654956, ?pini,1,3,,,yes,no,not nasal,,,
?,0.077573086, ?pini,1,3,,,yes,no,not nasal,,,
i,0.092088359, ?pini,2,3,,,no,no,nasal,,,
i,0.078804405, ?pini,3,3,,,no,yes,not nasal,,,
i,0.078250311, ?pini,3,3,,,no,yes,not nasal,,,
?,0.089525695, ?pini  ,1,3,,,yes,no,not nasal,,,
i,0.074864185, ?pini  ,3,3,,,no,yes,not nasal,,,
i,0.076834295, ?pini  ,2,3,,,no,no,nasal,,,
i,0.079512413, ?pini  ,2,3,,,no,no,nasal,,,
?,0.086684845, ?s?,2,2,,,no,yes,not nasal,,,
?,0.081267043, ?s?,2,2,,,no,yes,not nasal,,,
?,0.072918331, ?s?,2,2,,,no,yes,not nasal,,,
?,0.073738971, ?s?  ,1,2,,,yes,no,not nasal,,,
?,0.085330395, ?s?  ,1,2,,,yes,no,not nasal,,,
?,0.081624997, ?s?  ,1,2,,,yes,no,not nasal,,,
?,0.053377671, ?suw?l,3,3,,,no,no,not nasal,,,
?,0.054947603, ?suw?l,3,3,,,no,no,not nasal,,,
u,0.048667877, ?suw?l,2,3,,,no,no,not nasal,,,
?,0.061921199, ?suw?l  ,1,2,,,yes,no,not nasal,,,
?,0.069955076, ?suw?l  ,1,3,,,yes,no,not nasal,,,
u,0.061227329, ?suw?l  ,2,3,,,no,no,not nasal,,,
?,0.052823578, ?w?l,2,2,,,no,no,not nasal,,,
?,0.054978386, ?w?l,2,2,,,no,no,not nasal,,,
?,0.044696873, ?w?l,2,2,,,no,no,not nasal,,,
?,0.098974547, ?w?l  ,1,2,,,yes,no,not nasal,,,
?,0.091757726, ?w?l  ,1,2,,,yes,no,not nasal,,,
?,0.086795208, ?w?l  ,1,2,,,yes,no,not nasal,,,
u,0.091968727, ebu,2,2,,,no,yes,not nasal,,,
u,0.077449954, ebu,2,2,,,no,yes,not nasal,,,
u,0.07326347, ebu,2,2,,,no,yes,not nasal,,,
e,0.087038123, ebu ,1,2,,,yes,no,not nasal,,,
e,0.081606073, ebu ,1,2,,,yes,no,not nasal,,,
e,0.092102648, ebu ,1,2,,,yes,no,not nasal,,,
a,0.111224933, ekabwi,2,3,,,no,no,not nasal,,,
e,0.070205143, ekabwi,1,3,,,yes,no,not nasal,,,
e,0.067134947, ekabwi,1,3,,,yes,no,not nasal,,,
i,0.055161184, ekabwi,3,3,,,no,yes,not nasal,,,
i,0.078324105, ekabwi,3,3,,,no,yes,not nasal,,,
a,0.100293061, ekabwi ,2,3,,,no,no,not nasal,,,
a,0.083918684, ekabwi ,2,3,,,no,no,not nasal,,,
e,0.05766851, ekabwi ,1,3,,,yes,no,not nasal,,,
i,0.060175837, ekabwi ,3,3,,,no,yes,not nasal,,,
a,0.050413763, eyewal,3,3,,,no,no,not nasal,,,
e,0.064817695, eyewal,2,3,,,no,no,not nasal,,,
e,0.077781234, eyewal,2,3,,,no,no,not nasal,,,
a,0.054734943, eyewal  ,3,3,,,no,no,not nasal,,,
a,0.068806477, eyewal  ,3,3,,,no,no,not nasal,,,
e,0.071424319, eyewal  ,1,3,,,yes,no,not nasal,,,
e,0.069139394, eyewal  ,1,3,,,yes,no,not nasal,,,
e,0.074647564, eyewal  ,1,3,,,yes,no,not nasal,,,
e,0.070579268, eyewal  ,2,3,,,no,no,not nasal,,,
?,0.082621493, ?l??,2,2,,,no,no,nasal,,,
?,0.070382465, ?l??,2,2,,,no,no,nasal,,,
?,0.065091367, ?l??,2,2,,,no,no,nasal,,,
?,0.081865676, ?l?? ,1,2,,,yes,no,not nasal,,,
?,0.064057788, ?l?? ,1,2,,,yes,no,not nasal,,,
?,0.06012114, ?l?? ,1,2,,,yes,no,not nasal,,,
?,0.075110448, ?n?  ,2,2,root,V,no,yes,not nasal,,,
?,0.097691301, ?n?  ,2,2,root,V,no,yes,not nasal,,,
?,0.052537959, ?n?  ,2,2,root,V,no,yes,not nasal,,,
?,0.079348617, ?n?  ,1,2,pref,V,yes,no,nasal,,,
?,0.067315217, ?n?  ,1,2,pref,V,yes,no,nasal,,,
?,0.054248124, ?n?  ,1,2,pref,V,yes,no,nasal,,,
a,0.080666466, ?pa,2,2,,,no,yes,not nasal,,,
a,0.079225993, ?pa,2,2,,,no,yes,not nasal,,,
a,0.086428356, ?pa,2,2,,,no,yes,not nasal,,,
?,0.057618904, ?pa ,1,2,,,yes,no,not nasal,,,
?,0.079225993, ?pa ,1,2,,,yes,no,not nasal,,,
?,0.074904575, ?pa ,1,2,,,yes,no,not nasal,,,
a,0.049252753, ?y?wa,3,3,,,no,yes,not nasal,,,
a,0.055649038, ?y?wa,3,3,,,no,yes,not nasal,,,
?,0.066183387, ?y?wa,2,3,,,no,no,not nasal,,,
?,0.077365736, ?y?wa,2,3,,,no,no,not nasal,,,
?,0.052800303, ?y?wa,1,3,,,yes,no,not nasal,,,
a,0.056948496, ?y?wa  ,3,3,,,no,yes,not nasal,,,
?,0.067722535, ?y?wa  ,2,3,,,no,no,not nasal,,,
?,0.083794286, ?y?wa  ,1,,,,yes,no,not nasal,,,
?,0.053459454, ?y?wa  ,1,3,,,yes,no,not nasal,,,
a,0.078890445, faca,2,2,,,no,yes,not nasal,,,
a,0.058151109, faca,2,2,,,no,yes,not nasal,,,
a,0.076394594, faca,2,2,,,no,yes,not nasal,,,
a,0.087731466, faca  ,1,2,,,no,no,not nasal,,,
a,0.080955465, faca  ,1,2,,,no,no,not nasal,,,
a,0.083235901, faca  ,1,2,,,no,no,not nasal,,,
?,0.059842095, f?r???,1,3,,,no,no,not nasal,,,
?,0.062708748, f?r???,1,3,,,no,no,not nasal,,,
?,0.062287289, f?r???  ,1,3,,,no,no,not nasal,,,
?,0.058179815, f?r?t?,2,3,,,no,no,not nasal,,,
?,0.059842095, f?r?t?,3,3,,,no,yes,not nasal,,,
?,0.084583893, f?r?t?,3,3,,,no,yes,not nasal,,,
?,0.068153497, f?r?t?  ,3,3,,,no,yes,not nasal,,,
?,0.044881571, f?r?t?  ,2,3,,,no,no,not nasal,,,
?,0.062708748, f?r?t?  ,2,3,,,no,no,not nasal,,,
o,0.078374519, fwol  ,1,1,roo?,,no,no,not nasal,,,
o,0.062204103, fwol  ,1,1,roo?,,no,no,not nasal,,,
o,0.077376001, fwol  ,1,1,roo?,,no,no,not nasal,,,
o,0.079732172, fwol  ,1,1,roo?,,no,no,not nasal,,,
o,0.071505031, fwol  ,1,1,roo?,,no,no,not nasal,,,
a,0.064444149, gay?wa,1,3,,,no,no,not nasal,,,
a,0.06538303, gay?wa,1,3,,,no,no,not nasal,,,
a,0.069338641, gay?wa,3,3,,,no,yes,not nasal,,,
a,0.071634328, gay?wa,3,3,,,no,yes,not nasal,,,
?,0.053839416, gay?wa,2,3,,,no,no,not nasal,,,
a,0.066891395, gay?wa  ,1,3,,,no,no,not nasal,,,
a,0.078311877, gay?wa  ,3,3,,,no,yes,not nasal,,,
?,0.069338641, gay?wa  ,2,3,,,no,no,not nasal,,,
?,0.070831616, gay?wa  ,2,3,,,no,no,not nasal,,,
a,0.145584939, gba  ,1,1,roo?,,no,yes,not nasal,,,
a,0.145584939, gba  ,1,1,roo?,,no,yes,not nasal,,,
a,0.137021119, gba  ,1,1,roo?,,no,yes,not nasal,,,
a,0.140686111, gba  ,1,1,roo?,,no,yes,not nasal,,,
a,0.127459212, gba  ,1,1,roo?,,no,yes,not nasal,,,
?,0.055163083, gb?n?,2,2,,,no,yes,not nasal,,,
?,0.056948496, gb?n?,2,2,,,no,yes,not nasal,,,
?,0.066060255, gb?n?,2,2,,,no,yes,not nasal,,,
?,0.074864185, gb?n? ,1,2,,,no,no,nasal,,,
?,0.078588924, gb?n? ,1,2,,,no,no,nasal,,,
?,0.077449954, gb?n? ,1,2,,,no,no,nasal,,,
?,0.106433453, gb?,1,1,root,N,no,yes,not nasal,,,
?,0.08403751, gb? ,1,1,pref,N,no,yes,not nasal,,,
?,0.086623279, gb?gb?,2,2,,,no,yes,not nasal,,,
?,0.059472699, gb?gb?,2,2,,,no,yes,not nasal,,,
?,0.084278698, gb?gb?,2,2,,,no,yes,not nasal,,,
?,0.099552127, gb?gb? ,1,2,,,no,no,not nasal,,,
?,0.096966358, gb?gb? ,1,2,,,no,no,not nasal,,,
?,0.132704364, gb?gb? ,1,2,,,no,no,not nasal,,,
?,0.046516489, g?l?  ,1,2,pref,N,no,no,not nasal,,,
?,0.090296714, g?l?  ,1,2,pref,N,no,no,not nasal,,,
?,0.093032978, g?l?  ,1,2,pref,N,no,no,not nasal,,,
?,0.058829677, g?l?  ,2,2,root,N,no,yes,not nasal,,,
?,0.068406601, g?l?  ,2,2,root,N,no,yes,not nasal,,,
?,0.061565941, g?l?  ,2,2,root,N,no,yes,not nasal,,,
?,0.137428862, g?n?  ,1,2,pref,N,no,no,nasal,,,
?,0.092177896, g?n?  ,1,2,pref,N,no,no,nasal,,,
?,0.071142866, g?n?  ,1,2,pref,N,no,no,nasal,,,
?,0.08715001, g?n?  ,2,2,root,N,no,yes,not nasal,,,
?,0.090501934, g?n?  ,2,2,root,N,no,yes,not nasal,,,
?,0.066154081, g?n?  ,2,2,root,N,yes,yes,not nasal,,,
a,0.076785863, g?ba,2,2,root,N,no,yes,not nasal,,,
a,0.066315063, g?ba,2,2,root,N,yes,yes,not nasal,,,
a,0.080276129, g?ba,2,2,root,N,yes,yes,not nasal,,,
?,0.044210042, g?ba ,1,2,pref,N,no,no,not nasal,,,
?,0.060497952, g?ba ,1,2,pref,N,no,no,not nasal,,,
?,0.055772141, g?ba ,1,2,pref,N,no,no,not nasal,,,
?,0.042847855, g?b?l  ,1,2,pref,N,no,no,not nasal,,,
?,0.053786251, g?b?l  ,1,2,pref,N,no,no,not nasal,,,
?,0.041036401, g?b?l  ,1,2,pref,N,no,no,not nasal,,,
?,0.053321775, g?b?l  ,2,2,root,N,yes,no,not nasal,,,
?,0.045942422, g?b?l  ,2,2,root,N,no,no,not nasal,,,
?,0.056155075, g?b?l  ,2,2,root,N,no,no,not nasal,,,
i,0.117837212, g?bi,2,2,root,N,no,yes,not nasal,,,
i,0.097520451, g?bi,2,2,root,N,yes,yes,not nasal,,,
i,0.125963916, g?bi,2,2,root,N,no,yes,not nasal,,,
?,0.086684845, g?bi ,1,2,pref,N,no,no,not nasal,,,
?,0.085330395, g?bi ,1,2,pref,N,no,no,not nasal,,,
?,0.076447873, g?bi ,1,2,pref,N,no,no,not nasal,,,
a,0.0966252, g?gba  ,2,2,root,N,yes,yes,not nasal,,,
a,0.074219357, g?gba  ,2,2,root,N,yes,yes,not nasal,,,
?,0.071418626, g?gba  ,1,2,pref,N,no,no,not nasal,,,
?,0.060215704, g?gba  ,1,2,pref,N,no,no,not nasal,,,
?,0.085222188, g?ibi,1,3,,,no,no,not nasal,,,
i,0.066368085, g?ibi,2,3,,,no,no,not nasal,,,
i,0.08170702, g?ibi,3,3,,,no,yes,not nasal,,,
?,0.073909913, g?ibi ,1,3,,,no,no,not nasal,,,
i,0.117652514, g?ibi ,3,3,,,no,yes,not nasal,,,
i,0.092010299, g?ibi ,2,3,,,no,no,not nasal,,,
i,0.081478214, g?ki,2,2,root,N,no,yes,not nasal,,,
i,0.070943196, g?ki,2,2,root,N,yes,yes,not nasal,,,
i,0.055544912, g?ki,2,2,root,N,no,yes,not nasal,,,
?,0.0675673, g?ki ,1,2,pref,N,no,no,not nasal,,,
?,0.07997233, g?ki ,1,2,pref,N,no,no,not nasal,,,
?,0.093315452, g?ki ,1,2,pref,N,no,no,not nasal,,,
a,0.085129664, g?kpa  ,2,2,root,N,yes,yes,not nasal,,,
a,0.10232688, g?kpa  ,2,2,root,N,yes,yes,not nasal,,,
?,0.06847386, g?kpa  ,1,2,pref,N,no,no,not nasal,,,
?,0.043854377, g?kpa  ,1,2,pref,N,no,no,not nasal,,,
a,0.070962812, g?nanbi  ,2,3,root,N,yes,no,nasal,,,
a,0.075616111, g?nanbi  ,2,3,root,N,no,no,nasal,,,
a,0.088412684, g?nanbi  ,2,3,root,N,no,no,nasal,,,
a,0.076957427, g?nanbi  ,2,3,root,N,no,no,nasal,,,
a,0.061565941, g?nanbi  ,2,3,root,N,no,no,nasal,,,
?,0.038836376, g?nanbi  ,1,3,pref,N,no,no,nasal,,,
?,0.063255953, g?nanbi  ,1,3,pref,N,no,no,nasal,,,
?,0.040716368, g?nanbi  ,1,3,pref,N,no,no,nasal,,,
?,0.062246206, g?nanbi  ,1,3,pref,N,no,no,nasal,,,
?,0.061565941, g?nanbi  ,1,3,pref,N,no,no,nasal,,,
i,0.087249359, g?nanbi  ,3,3,root,N,yes,yes,not nasal,,,
i,0.063982863, g?nanbi  ,3,3,root,N,no,yes,not nasal,,,
i,0.050022966, g?nanbi  ,3,3,root,N,no,yes,not nasal,,,
i,0.056948496, g?nanbi  ,3,3,root,N,no,yes,not nasal,,,
i,0.078496575, g?nanbi  ,3,3,root,N,no,yes,not nasal,,,
?,0.06815223, g??m?l  ,1,2,pref,N,no,no,nasal,,,
?,0.065835987, g??m?l  ,1,2,pref,N,no,no,nasal,,,
?,0.070389763, g??m?l  ,1,2,pref,N,no,no,nasal,,,
?,0.096248088, g??m?l  ,2,2,root,N,yes,no,not nasal,,,
?,0.072732369, g??m?l  ,2,2,root,N,yes,no,not nasal,,,
?,0.068453994, g??m?l  ,2,2,root,N,yes,no,not nasal,,,
a,0.08631595, g?pa,2,2,root,N,yes,yes,not nasal,,,
a,0.106498189, g?pa,2,2,root,N,yes,yes,not nasal,,,
?,0.074231717, g?pa ,1,2,pref,N,no,no,not nasal,,,
?,0.086300257, g?pa ,1,2,pref,N,no,no,not nasal,,,
?,0.097936021, g?s?,2,2,root,N,yes,yes,not nasal,,,
?,0.102784339, g?s?,2,2,root,N,yes,yes,not nasal,,,
?,0.085172156, g?s?,2,2,root,N,yes,yes,not nasal,,,
?,0.080941991, g?s?,2,2,root,N,yes,yes,not nasal,,,
?,0.088337023, g?s?,2,2,root,N,yes,yes,not nasal,,,
?,0.056240487, g?s? ,1,2,pref,N,no,no,not nasal,,,
?,0.05430116, g?s? ,1,2,pref,N,no,no,not nasal,,,
?,0.054454329, g?s? ,1,2,pref,N,no,no,not nasal,,,
?,0.079059619, g?s? ,1,2,pref,N,no,no,not nasal,,,
?,0.045983656, g?s? ,1,2,pref,N,no,no,not nasal,,,
?,0.076310159, g?p?,2,2,root,N,no,yes,not nasal,,,
?,0.085520005, g?p?,2,2,root,N,no,yes,not nasal,,,
?,0.095060497, g?p?,2,2,root,N,no,yes,not nasal,,,
?,0.081572928, g?p? ,1,2,pref,N,no,no,not nasal,,,
?,0.065784619, g?p? ,1,2,pref,N,no,no,not nasal,,,
?,0.070978505, g?p? ,1,2,pref,N,no,no,not nasal,,,
?,0.086529502, guj?,2,2,,,no,yes,not nasal,,,
?,0.082148261, guj?,2,2,,,no,yes,not nasal,,,
?,0.103905948, guj?,2,2,,,no,yes,not nasal,,,
u,0.067909229, guj?  ,1,2,,,no,no,not nasal,,,
u,0.097482603, guj?  ,1,2,,,no,no,not nasal,,,
u,0.083602487, guj?  ,1,2,,,no,no,not nasal,,,
u,0.059821573, gunu?  ,2,2,root,N,no,no,nasal,,,
u,0.063929375, gunu?  ,2,2,root,N,no,no,nasal,,,
u,0.071895958, gunu?  ,2,2,root,N,no,no,nasal,,,
u,0.048534484, gunu?  ,1,2,pref,N,no,no,nasal,,,
u,0.074158075, gunu?  ,1,2,pref,N,no,no,nasal,,,
u,0.090222379, gunu?  ,1,2,pref,N,no,no,nasal,,,
u,0.096838745, gwayul,2,2,,,no,no,not nasal,,,
u,0.087919387, gwayul,2,2,,,no,no,not nasal,,,
u,0.080274223, gwayul,2,2,,,no,no,not nasal,,,
a,0.070080671, gwayul  ,1,2,,,no,no,not nasal,,,
a,0.071354865, gwayul  ,1,2,,,no,no,not nasal,,,
a,0.056064537, gwayul  ,1,2,,,no,no,not nasal,,,
?,0.082498361, ?b?,2,2,,,no,yes,not nasal,,,
?,0.097274187, ?b?,2,2,,,no,yes,not nasal,,,
?,0.084960999, ?b?,2,2,,,no,yes,not nasal,,,
?,0.097520451, ?b?,2,2,,,no,yes,not nasal,,,
?,0.068266747, ?b? ,1,2,,,yes,no,not nasal,,,
?,0.053697938, ?b? ,1,2,,,yes,no,not nasal,,,
?,0.058011126, ?b? ,1,2,,,yes,no,not nasal,,,
?,0.087283479, ?b? ,1,2,,,yes,no,not nasal,,,
?,0.050498569, ?b?r?d?,2,4,,,no,no,not nasal,,,
?,0.05242822, ?b?r?d?,2,4,,,no,no,not nasal,,,
?,0.062164351, ?b?r?d?,2,4,,,no,no,not nasal,,,
?,0.071157075, ?b?r?d?,4,4,,,no,yes,not nasal,,,
?,0.073452465, ?b?r?d?,4,4,,,no,yes,not nasal,,,
?,0.074597221, ?b?r?d?,4,4,,,no,yes,not nasal,,,
?,0.055089348, ?b?r?d? ,3,4,,,no,no,not nasal,,,
?,0.052793959, ?b?r?d? ,3,4,,,no,no,not nasal,,,
?,0.055947916, ?b?r?d? ,3,4,,,no,no,not nasal,,,
?,0.059680127, ?b?r?d? ,1,4,,,yes,no,not nasal,,,
?,0.050498569, ?b?r?d? ,1,4,,,yes,no,not nasal,,,
?,0.082885801, ?b?r?d? ,1,4,,,yes,no,not nasal,,,
a,0.101686109, ibu,2,2,root,,no,yes,not nasal,,,
u,0.12098659, ibu,2,2,root,,yes,yes,not nasal,,,
u,0.098283597, ibu,2,2,root,,yes,yes,not nasal,,,
i,0.087226692, ibu  ,1,2,pref,,yes,no,not nasal,,,
i,0.075062436, ibu  ,1,2,pref,,yes,no,not nasal,,,
i,0.087571246,? ibu  ,1,2,pref,,yes,no,not nasal,,,
i,0.078435009, ido,1,2,,,yes,no,not nasal,,,
i,0.065629293, ido,1,2,,,yes,no,not nasal,,,
i,0.065629293, ido,1,2,,,yes,no,not nasal,,,
o,0.088752284, ido ,2,2,,,no,yes,not nasal,,,
o,0.070431437, ido ,2,2,,,no,yes,not nasal,,,
o,0.078435009, ido ,2,2,,,no,yes,not nasal,,,
a,0.075099501, ifaca,2,3,,,no,no,not nasal,,,
a,0.068237233, ifaca,3,3,,,no,yes,not nasal,,,
a,0.073627843, ifaca,3,3,,,no,yes,not nasal,,,
i,0.074302765, ifaca,1,3,,,yes,no,not nasal,,,
i,0.048646968, ifaca,1,3,,,yes,no,not nasal,,,
a,0.070158745, ifaca  ,3,3,,,no,yes,not nasal,,,
a,0.069753616, ifaca  ,2,3,,,no,no,not nasal,,,
a,0.068368711, ifaca  ,2,3,,,no,no,not nasal,,,
i,0.098206382, ifaca  ,1,3,,,yes,no,not nasal,,,
i,0.041048783, if?r???,1,4,,,yes,no,not nasal,,,
i,0.037720504, if?r???  ,1,4,,,yes,no,not nasal,,,
i,0.05092268, if?r???  ,1,4,,,yes,no,not nasal,,,
?,0.062474584, if?r?t?,2,4,,,no,no,not nasal,,,
?,0.067189647, if?r?t?,4,4,,,no,yes,not nasal,,,
?,0.037443147, if?r?t?,3,4,,,no,no,not nasal,,,
?,0.046595916, if?r?t?,3,4,,,no,no,not nasal,,,
?,0.06365335, if?r?t?  ,3,4,,,no,no,not nasal,,,
?,0.052420406, if?r?t?  ,2,4,,,no,no,not nasal,,,
?,0.064402213, if?r?t?  ,4,4,,,no,yes,not nasal,,,
?,0.047705343, if?r?t?  ,2,4,,,no,no,not nasal,,,
?,0.046595916, if?r?t?  ,4,4,,,no,yes,not nasal,,,
u,0.091392207, ifu,2,2,root,,no,yes,not nasal,,,
u,0.09471556, ifu,2,2,root,,no,yes,not nasal,,,
u,0.073327695, ifu,2,2,root,,yes,yes,not nasal,,,
i,0.102096685, ifu  ,1,2,pref,,yes,no,not nasal,,,
i,0.081422148, ifu  ,1,2,pref,,yes,no,not nasal,,,
i,0.086906898, ifu  ,1,2,pref,,yes,no,not nasal,,,
?,0.081982557, ?gb?n?,2,3,,,no,no,nasal,,,
?,0.07930783, ?gb?n?,3,3,,,no,yes,not nasal,,,
?,0.068863206, ?gb?n?,3,3,,,no,yes,not nasal,,,
?,0.03457008, ?gb?n?,1,3,,,yes,no,not nasal,,,
?,0.034431603, ?gb?n?,1,3,,,yes,no,not nasal,,,
?,0.091509035, ?gb?n? ,3,3,,,no,yes,not nasal,,,
?,0.079464102, ?gb?n? ,2,3,,,no,no,nasal,,,
?,0.074299775, ?gb?n? ,2,3,,,no,no,nasal,,,
?,0.048804819, ?gb?n? ,1,3,,,yes,no,not nasal,,,
?,0.086438582, ?gb?gb?,2,3,,,no,no,not nasal,,,
?,0.084222208, ?gb?gb?,3,3,,,no,yes,not nasal,,,
?,0.10724787, ?gb?gb?,3,3,,,no,yes,not nasal,,,
?,0.072459801, ?gb?gb?,1,3,,,yes,no,not nasal,,,
?,0.068457088, ?gb?gb?,1,3,,,yes,no,not nasal,,,
?,0.077573086, ?gb?gb? ,3,3,,,no,yes,not nasal,,,
?,0.095304077, ?gb?gb? ,2,3,,,no,no,not nasal,,,
?,0.100029263, ?gb?gb? ,2,3,,,no,no,not nasal,,,
?,0.078681273, ?gb?gb? ,1,3,,,yes,no,not nasal,,,
?,0.072401547, ?g?,2,2,,,no,yes,not nasal,,,
?,0.099552127, ?g?,2,2,,,no,yes,not nasal,,,
?,0.077585807, ?g?,2,2,,,no,yes,not nasal,,,
?,0.060044122, ?g? ,1,2,,,yes,no,not nasal,,,
?,0.072401547, ?g? ,1,2,,,yes,no,not nasal,,,
?,0.056426041, ?g? ,1,2,,,yes,no,not nasal,,,
i,0.118069065, ija?,1,2,,,yes,no,not nasal,,,
i,0.111919635, ija?,1,2,,,yes,no,not nasal,,,
a,0.101202056, ija?  ,2,2,,,no,no,nasal,,,
a,0.106824392, ija?  ,2,2,,,no,no,nasal,,,
a,0.078800559, ija?  ,2,2,,,no,no,nasal,,,
?,0.097520451, ij?,2,2,,,no,yes,not nasal,,,
?,0.103430781, ij?,2,2,,,no,yes,not nasal,,,
?,0.088654956, ij?,2,2,,,no,yes,not nasal,,,
i,0.105320168, ij?  ,1,2,,,yes,no,not nasal,,,
i,0.109994166, ij?  ,1,2,,,yes,no,not nasal,,,
i,0.096695923,? ij?  ,1,2,,,yes,no,not nasal,,,
a,0.092562843, ?kand?,2,3,,,no,no,nasal,,,
?,0.05523196, ?kand?,3,3,,,no,yes,not nasal,,,
?,0.102352411, ?kand?,3,3,,,no,yes,not nasal,,,
a,0.077775617, ?kand? ,2,3,,,no,no,nasal,,,
?,0.054104777, ?kand? ,1,3,,,yes,no,not nasal,,,
?,0.050689176, ?kand? ,1,3,,,yes,no,not nasal,,,
?,0.036335791, ?kp?r?,2,3,,,no,no,not nasal,,,
?,0.064020204, ?kp?r?,3,3,,,no,yes,not nasal,,,
?,0.054520614, ?kp?r?,3,3,,,no,yes,not nasal,,,
?,0.057099101, ?kp?r?,1,3,,,yes,no,not nasal,,,
?,0.042058759, ?kp?r?,1,3,,,yes,no,not nasal,,,
?,0.048447722, ?kp?r? ,3,3,,,no,yes,not nasal,,,
?,0.03237761, ?kp?r? ,2,3,,,no,no,not nasal,,,
?,0.032712368, ?kp?r? ,2,3,,,no,no,not nasal,,,
?,0.070941307, ?kp?r? ,1,3,,,yes,no,not nasal,,,
i,0.081878168, iku?u,1,3,,,yes,no,not nasal,,,
i,0.080696479, iku?u,1,3,,,yes,no,not nasal,,,
i,0.066024392, iku?u  ,1,3,,,yes,no,not nasal,,,
u,0.06235637, ikutu,2,3,,,no,no,not nasal,,,
u,0.070915087, ikutu,3,3,,,no,yes,not nasal,,,
u,0.0843645, ikutu,3,3,,,no,yes,not nasal,,,
u,0.080696479, ikutu  ,3,3,,,no,yes,not nasal,,,
u,0.058688348, ikutu  ,2,3,,,no,no,not nasal,,,
u,0.061133696, ikutu  ,2,3,,,no,no,not nasal,,,
?,0.046790115, ?k?f?,3,3,,,no,yes,not nasal,,,
?,0.044608297, ?k?f?,3,3,,,no,yes,not nasal,,,
?,0.059657397, ?k?f?,1,3,,,yes,no,not nasal,,,
?,0.049564775, ?k?f?,1,3,,,yes,no,not nasal,,,
?,0.038931288, ?k?f?,2,3,,,no,no,not nasal,,,
?,0.037120531, ?k?f? ,3,3,,,no,yes,not nasal,,,
?,0.066092652, ?k?f? ,1,3,,,yes,no,not nasal,,,
?,0.037432092, ?k?f? ,2,3,,,no,no,not nasal,,,
?,0.022799796, ?k?f? ,2,3,,,no,no,not nasal,,,
?,0.049776064, il?n,2,2,,,no,no,nasal,,,
?,0.046759332, il?n,2,2,,,no,no,nasal,,,
?,0.039217505, il?n,2,2,,,no,no,nasal,,,
i,0.104743883, il?n ,1,2,,,yes,no,not nasal,,,
i,0.134473155, il?n ,1,2,,,yes,no,not nasal,,,
i,0.103456424, il?n ,1,2,,,yes,no,not nasal,,,
i,0.086192318, ilo,1,2,,,yes,no,not nasal,,,
i,0.085884488, ilo,1,2,,,yes,no,not nasal,,,
i,0.085961597, ilo,1,2,,,yes,no,not nasal,,,
o,0.090009406, ilo,2,2,,,no,yes,not nasal,,,
o,0.116975289, ilo ,2,2,,,no,yes,not nasal,,,
o,0.088654956, ilo ,2,2,,,no,yes,not nasal,,,
i,0.082927979, imama??,1,4,,,yes,no,not nasal,,,
i,0.101023007, imama?? ,1,4,,,yes,no,not nasal,,,
i,0.12248561, imama?? ,1,4,,,yes,no,not nasal,,,
a,0.074664095, imamat?,2,4,,,no,no,not nasal,,,
a,0.077711609, imamat?,2,4,,,no,no,not nasal,,,
a,0.097520451, imamat?,3,4,,,no,no,not nasal,,,
a,0.086854152, imamat?,3,4,,,no,no,not nasal,,,
?,0.088377909, imamat?,4,4,,,no,yes,not nasal,,,
?,0.105139236, imamat?,4,4,,,no,yes,not nasal,,,
a,0.086854152, imamat? ,3,4,,,no,no,not nasal,,,
a,0.080759124, imamat? ,2,4,,,no,no,not nasal,,,
?,0.120376807, imamat? ,4,4,,,no,yes,not nasal,,,
a,0.096966358, ima?n,2,2,,,no,no,nasal,,,
a,0.089209049, ima?n,2,2,,,no,no,nasal,,,
a,0.111865315, ima?n,2,2,,,no,no,nasal,,,
a,0.109587376, ima?n,2,2,,,no,no,nasal,,,
i,0.051472167, ima?n ,1,2,,,yes,no,nasal,,,
i,0.0424805, ima?n ,1,2,,,yes,no,nasal,,,
i,0.072296362, ima?n ,1,2,,,yes,no,nasal,,,
i,0.048565646, ima?n ,1,2,,,yes,no,nasal,,,
?,0.090809763, im?li,2,3,,,no,no,not nasal,,,
i,0.07502631, im?li,1,3,,,yes,no,not nasal,,,
i,0.049905123, im?li,1,3,,,yes,no,not nasal,,,
i,0.074464006, im?li,3,3,,,no,yes,not nasal,,,
i,0.05263888, im?li,3,3,,,no,yes,not nasal,,,
?,0.094442154, im?li  ,2,3,,,no,no,not nasal,,,
?,0.087731466, im?li  ,2,3,,,no,no,not nasal,,,
i,0.092625959, im?li  ,1,3,,,yes,no,not nasal,,,
i,0.06538303, im?li  ,3,3,,,no,yes,not nasal,,,
i,0.053870199, imu?i,1,3,,,yes,no,not nasal,,,
i,0.074485828, imu?i,1,3,,,yes,no,not nasal,,,
i,0.066396331, imu?i ,1,3,,,yes,no,not nasal,,,
i,0.081882702, imuti,3,3,,,no,yes,not nasal,,,
i,0.066799046, imuti,3,3,,,no,yes,not nasal,,,
u,0.072165085, imuti,2,3,,,no,no,not nasal,,,
i,0.085696038, imuti ,3,3,,,no,yes,not nasal,,,
u,0.095826437, imuti ,2,3,,,no,no,not nasal,,,
u,0.078083391, imuti ,2,3,,,no,no,not nasal,,,
?,0.072721115, in?  ,2,2,root,NUM,yes,yes,not nasal,,,
?,0.050276571, in?  ,2,2,root,NUM,yes,yes,not nasal,,,
i,0.074910126, in?  ,1,2,roo?,NUM,yes,no,nasal,,,
i,0.069669843, in?  ,1,2,roo?,NUM,yes,no,nasal,,,
i,0.069498066, inun,1,2,,,yes,no,nasal,,,
u,0.086346233, inun,2,2,,,no,no,nasal,,,
i,0.105185411, inun  ,1,2,,,yes,no,nasal,,,
i,0.089913158, inun  ,1,2,,,yes,no,nasal,,,
u,0.06279726, inun  ,2,2,,,no,no,nasal,,,
a,0.053254711, ipeya,3,3,,,no,yes,not nasal,,,
a,0.062269559, ipeya,3,3,,,no,yes,not nasal,,,
e,0.132925275, ipeya,2,3,,,no,no,not nasal,,,
i,0.059662532, ipeya,1,3,,,yes,no,not nasal,,,
a,0.066983744, ipeya ,3,3,,,no,yes,not nasal,,,
e,0.126746211, ipeya ,2,3,,,no,no,not nasal,,,
e,0.106451998, ipeya ,2,3,,,no,no,not nasal,,,
i,0.053254711, ipeya ,1,3,,,yes,no,not nasal,,,
i,0.078804405, ipeya ,1,3,,,yes,no,not nasal,,,
i,0.065675147, ipini,1,3,,,yes,no,not nasal,,,
i,0.076773561, ipini,1,3,,,yes,no,not nasal,,,
i,0.072524679, ipini,2,3,,,no,no,nasal,,,
i,0.074433223, ipini,3,3,,,no,yes,not nasal,,,
i,0.082915446, ipini,3,3,,,no,yes,not nasal,,,
i,0.082910928, ipini  ,1,3,,,yes,no,not nasal,,,
i,0.064890502, ipini  ,3,3,,,no,yes,not nasal,,,
i,0.0820674, ipini  ,2,3,,,no,no,nasal,,,
i,0.069584155, ipini  ,2,3,,,no,no,nasal,,,
a,0.084950439, isabule,2,4,,,no,no,not nasal,,,
a,0.090511385, isabule,2,4,,,no,no,not nasal,,,
e,0.084002348, isabule,4,4,,,no,yes,not nasal,,,
e,0.066467455, isabule,4,4,,,no,yes,not nasal,,,
e,0.077347473, isabule,4,4,,,no,yes,not nasal,,,
i,0.054004807, isabule,1,4,,,yes,no,not nasal,,,
u,0.037012916, isabule,3,4,,,no,no,not nasal,,,
a,0.100293061, isabule ,2,4,,,no,no,not nasal,,,
a,0.072698778, isabule ,2,4,,,no,no,not nasal,,,
e,0.060892216, isabule ,4,4,,,no,yes,not nasal,,,
i,0.041542159, isabule ,1,4,,,yes,no,not nasal,,,
i,0.071456329, isabule ,1,4,,,yes,no,not nasal,,,
u,0.029079511, isabule ,3,4,,,no,no,not nasal,,,
u,0.025355472, isabule ,3,4,,,no,no,not nasal,,,
?,0.110449299, is?,2,2,,,no,yes,not nasal,,,
?,0.112, is?,2,2,,,no,yes,not nasal,,,
?,0.12, is?,2,2,,,no,yes,not nasal,,,
i,0.086377016, is?  ,1,2,,,yes,no,not nasal,,,
i,0.069384816, is?  ,1,2,,,yes,no,not nasal,,,
i,0.033245608, is?  ,1,2,,,yes,no,not nasal,,,
i,0.126456444, is??,2,2,,,no,no,nasal,,,
i,0.110449299, is??,2,2,,,no,no,nasal,,,
i,0.086438582, is??  ,1,2,,,yes,no,not nasal,,,
i,0.073632866, is??  ,1,2,,,yes,no,not nasal,,,
i,0.065105983, is??n,2,2,,,no,no,nasal,,,
i,0.067192232, is??n  ,1,2,,,yes,no,not nasal,,,
i,0.037645695, isokuli,4,4,,,no,yes,not nasal,,,
i,0.04303883, isokuli,4,4,,,no,yes,not nasal,,,
o,0.046011404, isokuli,2,4,,,no,no,not nasal,,,
o,0.06098368, isokuli,2,4,,,no,no,not nasal,,,
i,0.03625141, isokuli ,1,4,,,yes,no,not nasal,,,
i,0.035235015, isokuli ,1,4,,,yes,no,not nasal,,,
u,0.03903998, isokuli ,3,4,,,no,no,not nasal,,,
u,0.045137049, isokuli ,3,4,,,no,no,not nasal,,,
?,0.062058469, isuw?l,3,3,,,no,no,not nasal,,,
?,0.062460911, isuw?l,3,3,,,no,no,not nasal,,,
i,0.085230368, isuw?l,1,3,,,yes,no,not nasal,,,
i,0.051753326, isuw?l,1,3,,,yes,no,not nasal,,,
u,0.074233134, isuw?l,2,3,,,no,no,not nasal,,,
?,0.041603185, isuw?l  ,3,3,,,no,no,not nasal,,,
i,0.076993586, isuw?l  ,1,3,,,yes,no,not nasal,,,
u,0.062058469, isuw?l  ,2,3,,,no,no,not nasal,,,
u,0.051753326, isuw?l  ,2,3,,,no,no,not nasal,,,
?,0.056794581, iw?l,2,2,,,no,no,not nasal,,,
?,0.054270377, iw?l,2,2,,,no,no,not nasal,,,
?,0.057871985, iw?l,2,2,,,no,no,not nasal,,,
i,0.081332332, iw?l  ,1,2,,,yes,no,not nasal,,,
i,0.09395335, iw?l  ,1,2,,,yes,no,not nasal,,,
i,0.071960704, iw?l  ,1,2,,,yes,no,not nasal,,,
i,0.105647155, iyi,2,2,,,no,yes,not nasal,,,
i,0.102938254, iyi,2,2,,,no,yes,not nasal,,,
i,0.083975944, iyi,2,2,,,no,yes,not nasal,,,
i,0.125885324, iyi  ,1,2,,,yes,no,not nasal,,,
i,0.120467521, iyi  ,1,2,,,yes,no,not nasal,,,
i,0.125469947, iyi  ,1,2,,,yes,no,not nasal,,,
i,0.130596705, iyibi,1,3,,,yes,no,not nasal,,,
i,0.102400121, iyibi,1,3,,,yes,no,not nasal,,,
i,0.070893181, iyibi,2,3,,,no,no,not nasal,,,
i,0.13273617, iyibi,3,3,,,no,yes,not nasal,,,
i,0.028628163, iyibi,2,3,,,no,no,not nasal,,,
i,0.107124738, iyibi,3,3,,,no,yes,not nasal,,,
?,0.080238919, iyibi ,1,3,,,yes,no,not nasal,,,
i,0.0913792, iyibi ,1,3,,,yes,no,not nasal,,,
i,0.076723751, iyibi ,3,3,,,no,yes,not nasal,,,
i,0.105585589, iyibi ,2,3,,,no,no,not nasal,,,
i,0.095427209, iyibi ,3,3,,,no,yes,not nasal,,,
i,0.060950282, iyibi ,2,3,,,no,no,not nasal,,,
a,0.078257152, ja  ,1,1,roo?,V,no,yes,not nasal,,,
a,0.101849652, ja  ,1,1,roo?,V,no,yes,not nasal,,,
a,0.072827902, ja  ,1,1,roo?,V,no,yes,not nasal,,,
a,0.084281219, jan  ,1,1,roo?,V,no,no,nasal,,,
a,0.092221754, jan  ,1,1,roo?,V,no,no,nasal,,,
a,0.05772712, jan  ,1,1,roo?,V,no,no,nasal,,,
i,0.077360257, ji  ,1,1,roo?,V,no,yes,not nasal,,,
i,0.082017749, ji  ,1,1,roo?,V,no,yes,not nasal,,,
i,0.073282865, ji  ,1,1,roo?,V,no,yes,not nasal,,,
a,0.090371781, kabwi,1,2,,,no,no,not nasal,,,
a,0.095304077, kabwi,1,2,,,no,no,not nasal,,,
a,0.088654956, kabwi,1,2,,,no,no,not nasal,,,
i,0.031029234, kabwi,2,3,,,no,no,not nasal,,,
i,0.050501877, kabwi ,2,2,,,no,yes,not nasal,,,
i,0.046543852, kabwi ,2,2,,,no,yes,not nasal,,,
a,0.076632534, kand?,1,2,,,no,no,nasal,,,
?,0.080665825, kand?,2,2,,,no,yes,not nasal,,,
a,0.082390663, kand? ,1,2,,,no,no,nasal,,,
a,0.082682471, kand? ,1,2,,,no,no,nasal,,,
?,0.09679899, kand? ,1,2,,,no,no,not nasal,,,
i,0.134421474, kii  ,1,1,roo?,V,no,yes,not nasal,,,
i,0.136341781, kii  ,1,1,roo?,V,no,yes,not nasal,,,
a,0.108561277, kpa  ,1,1,roo?,V,no,yes,not nasal,,,
a,0.110134628, kpa  ,1,1,roo?,V,no,yes,not nasal,,,
a,0.093184021, kpa  ,1,1,roo?,V,no,yes,not nasal,,,
a,0.109997815, kpal  ,1,1,roo?,V,no,no,not nasal,,,
a,0.10412133, kpal  ,1,1,roo?,V,no,no,not nasal,,,
u,0.071176317, ku?u  ,1,2,,,no,no,not nasal,,,
u,0.06189245, ku?u  ,1,2,,,no,no,not nasal,,,
u,0.049584164, ku?u  ,1,2,,,no,no,not nasal,,,
u,0.102122542, kutu,2,2,,,no,yes,not nasal,,,
u,0.097480608, kutu,2,2,,,no,yes,not nasal,,,
u,0.061980205, kutu,2,2,,,no,yes,not nasal,,,
e,0.087485203, lale,2,2,root,,yes,yes,not nasal,,,
e,0.082960106, lale,2,2,root,,yes,yes,not nasal,,,
e,0.08320637, lale,2,2,root,,yes,yes,not nasal,,,
a,0.133905922, lale  ,1,2,roo?,,no,no,not nasal,,,
a,0.11512831, lale  ,1,2,roo?,,no,no,not nasal,,,
a,0.109895205, lale  ,1,2,roo?,,no,no,not nasal,,,
a,0.099215615, maka  ,2,2,root,V,yes,yes,not nasal,,,
a,0.073983386, maka  ,2,2,root,V,no,yes,not nasal,,,
a,0.08401757, maka  ,2,2,root,V,no,yes,not nasal,,,
a,0.060744254, maka  ,1,2,pref,V,no,no,not nasal,,,
a,0.08422724, maka  ,1,2,pref,V,no,no,not nasal,,,
a,0.089618742, maka  ,1,2,pref,V,no,no,not nasal,,,
a,0.087085024, mal  ,1,1,roo?,,no,no,not nasal,,,
a,0.128734383, mal  ,1,1,roo?,,no,no,not nasal,,,
a,0.094657635, mal  ,1,1,roo?,,no,no,not nasal,,,
e,0.073417385, male,2,2,root,,yes,yes,not nasal,,,
e,0.07015439, male,2,2,root,,yes,yes,not nasal,,,
e,0.076464899, male,2,2,root,,yes,yes,not nasal,,,
a,0.112573324, male  ,1,2,roo?,,no,no,not nasal,,,
a,0.102784339, male  ,1,2,roo?,,no,no,not nasal,,,
a,0.11802191, male  ,1,2,roo?,,no,no,not nasal,,,
a,0.080805298, mama??,1,3,,,no,no,not nasal,,,
a,0.061412026, mama??  ,1,3,,,no,no,not nasal,,,
a,0.095673473, mama??  ,1,3,,,no,no,not nasal,,,
a,0.076495682, mamat?,2,3,,,no,no,not nasal,,,
a,0.077449954, mamat?,2,3,,,no,no,not nasal,,,
?,0.07865049, mamat?,3,3,,,no,yes,not nasal,,,
?,0.061504375, mamat?,3,3,,,no,yes,not nasal,,,
a,0.103430781, mamat?  ,2,3,,,no,no,not nasal,,,
?,0.081882702, mamat?  ,3,3,,,no,yes,not nasal,,,
i,0.067968799, m?li,2,2,,,no,yes,not nasal,,,
i,0.072216849, m?li,2,2,,,no,yes,not nasal,,,
i,0.076464899, m?li,2,2,,,no,yes,not nasal,,,
?,0.089209049, m?li  ,1,2,,,no,no,not nasal,,,
?,0.093457099, m?li  ,1,2,,,no,no,not nasal,,,
?,0.089209049, m?li  ,1,2,,,no,no,not nasal,,,
a,0.127050578, m?ka  ,2,2,root,NGEN,no,yes,not nasal,,,
a,0.106722486, m?ka  ,2,2,root,NGEN,no,yes,not nasal,,,
a,0.091512178, m?ka  ,2,2,root,NGEN,no,yes,not nasal,,,
?,0.078802511, m?ka  ,1,2,pref,NGEN,no,no,not nasal,,,
?,0.053361243, m?ka  ,1,2,pref,NGEN,no,no,not nasal,,,
?,0.063550123, m?ka  ,1,2,pref,NGEN,no,no,not nasal,,,
u,0.077231585, mu?i ,1,2,,,no,no,not nasal,,,
u,0.07809894, mu?i ,1,2,,,no,no,not nasal,,,
u,0.090835945, mu?i ,1,2,,,no,no,not nasal,,,
i,0.082069452, muti,2,2,,,no,yes,not nasal,,,
i,0.104, muti,2,2,,,no,yes,not nasal,,,
i,0.07668038, muti,2,2,,,no,yes,not nasal,,,
a,0.103430781, na  ,1,1,roo?,V,no,yes,not nasal,,,
a,0.125540935, na  ,1,1,roo?,V,no,yes,not nasal,,,
a,0.127413124, na  ,1,1,roo?,V,no,yes,not nasal,,,
a,0.092195708, nkpa  ,1,1,roo?,,no,yes,not nasal,,,
a,0.086283886, nkpa  ,1,1,roo?,,no,yes,not nasal,,,
u,0.097954815, nkpa  ,1,1,roo?,,no,yes,not nasal,,,
a,0.082426914, nna  ,1,1,roo?,V,no,yes,not nasal,,,
a,0.097567828, nna  ,1,1,roo?,V,no,yes,not nasal,,,
a,0.067722535, nna  ,1,1,roo?,V,no,yes,not nasal,,,
a,0.074494789, nna  ,1,1,roo?,V,no,yes,not nasal,,,
a,0.080138334, nna  ,1,1,roo?,V,no,yes,not nasal,,,
a,0.082395751, nna  ,1,1,roo?,V,no,yes,not nasal,,,
a,0.093228076, n?mali  ,1,2,roo?,V,no,no,not nasal,,,
a,0.093228076, n?mali  ,1,2,roo?,V,no,no,not nasal,,,
i,0.05143618, n?mali  ,2,2,root,V,no,yes,not nasal,,,
i,0.083583793, n?mali  ,2,2,root,V,no,yes,not nasal,,,
i,0.069117367, n?mali  ,2,2,root,V,no,yes,not nasal,,,
a,0.088975345, npa  ,1,1,roo?,,no,yes,not nasal,,,
a,0.072988269, npa  ,1,1,roo?,,no,yes,not nasal,,,
u,0.074494789, nun  ,1,1,roo?,V,no,no,nasal,,,
u,0.103909628, nun  ,1,1,roo?,V,no,no,nasal,,,
a,0.104904436, ?a  ,1,1,roo?,V,no,yes,not nasal,,,
a,0.106075287, ?a  ,1,1,roo?,V,no,yes,not nasal,,,
a,0.091843418, ?a  ,1,1,roo?,V,no,yes,not nasal,,,
a,0.088654956, ?mal  ,1,1,roo?,V,no,no,not nasal,,,
a,0.086192318, ?mal  ,1,1,roo?,V,no,no,not nasal,,,
a,0.093853857, ?mal  ,1,1,roo?,V,no,no,not nasal,,,
?,0.090843967, ?m?  ,1,1,roo?,V,no,yes,not nasal,,,
?,0.093032978, ?m?  ,1,1,roo?,V,no,yes,not nasal,,,
?,0.083182427, ?m?  ,1,1,roo?,V,no,yes,not nasal,,,
u,0.076341767, obu,2,2,,,no,yes,not nasal,,,
u,0.091117593, obu,2,2,,,no,yes,not nasal,,,
u,0.059103304, obu,2,2,,,no,yes,not nasal,,,
o,0.079348617, obu ,1,2,,,yes,no,not nasal,,,
o,0.084960999, obu ,1,2,,,yes,no,not nasal,,,
o,0.075110448, obu ,1,2,,,yes,no,not nasal,,,
o,0.067217858, odo,1,2,,,yes,no,not nasal,,,
o,0.077482152, odo,1,2,,,yes,no,not nasal,,,
o,0.080299685, odo,1,2,,,yes,no,not nasal,,,
o,0.099173888, odo ,2,2,,,no,yes,not nasal,,,
o,0.088752284, odo ,2,2,,,no,yes,not nasal,,,
u,0.100284934, ofu,2,2,root,,no,yes,not nasal,,,
u,0.101109452, ofu,2,2,root,,no,yes,not nasal,,,
u,0.078164297, ofu,2,2,root,,yes,yes,not nasal,,,
o,0.11427818, ofu  ,1,2,pref,,yes,no,not nasal,,,
o,0.146434378, ofu  ,1,2,pref,,yes,no,not nasal,,,
o,0.100496953, ofu  ,1,2,pref,,yes,no,not nasal,,,
e,0.081564336, oge,2,2,root,N,yes,yes,not nasal,,,
e,0.108346655, oge,2,2,root,N,yes,yes,not nasal,,,
o,0.074260067, oge ,1,2,pref,N,yes,no,not nasal,,,
o,0.099825008, oge ,1,2,pref,N,yes,no,not nasal,,,
o,0.126615063, ogo,2,2,root,N,yes,yes,not nasal,,,
o,0.086229855, ogo,2,2,root,N,yes,yes,not nasal,,,
o,0.117956608, ogo,2,2,root,N,yes,yes,not nasal,,,
o,0.11723617, ogo ,1,2,pref,N,yes,no,not nasal,,,
o,0.079238245, ogo ,1,2,pref,N,yes,no,not nasal,,,
o,0.089647022, ogo ,1,2,pref,N,yes,no,not nasal,,,
?,0.056917713, ol?n,2,2,,,no,no,nasal,,,
?,0.0410337, ol?n,2,2,,,no,no,nasal,,,
?,0.051623042, ol?n,2,2,,,no,no,nasal,,,
o,0.111773118, ol?n ,1,2,,,yes,no,not nasal,,,
o,0.108856631, ol?n ,1,2,,,yes,no,not nasal,,,
o,0.119532963, ol?n ,1,2,,,yes,no,not nasal,,,
o,0.093755051, olo,1,2,,,yes,no,not nasal,,,
o,0.076167692, olo,1,2,,,yes,no,not nasal,,,
o,0.081608241, olo,2,2,,,no,yes,not nasal,,,
o,0.081636438, olo ,2,2,,,no,yes,not nasal,,,
o,0.057262789, olo ,2,2,,,no,yes,not nasal,,,
a,0.097889847, oma?n,2,2,,,no,no,nasal,,,
a,0.088100862, oma?n,2,2,,,no,no,nasal,,,
a,0.110941826, oma?n,2,2,,,no,no,nasal,,,
o,0.09697943, oma?n ,1,2,,,yes,no,nasal,,,
o,0.104168701, oma?n ,1,2,,,yes,no,nasal,,,
o,0.072590732, oma?n ,1,2,,,yes,no,nasal,,,
a,0.074538561, o?asi,2,3,,,no,no,not nasal,,,
i,0.065448493, o?asi,3,3,,,no,yes,not nasal,,,
i,0.072720547, o?asi,3,3,,,no,yes,not nasal,,,
o,0.049086369, o?asi,1,3,,,yes,no,nasal,,,
o,0.046489764, o?asi,1,3,,,yes,no,nasal,,,
a,0.061812465, o?asi ,2,3,,,no,no,not nasal,,,
a,0.070902534, o?asi ,2,3,,,no,no,not nasal,,,
i,0.061812465, o?asi ,3,3,,,no,yes,not nasal,,,
o,0.066252009, o?asi ,1,3,,,yes,no,nasal,,,
a,0.127118742, opa  ,2,2,root,V,no,yes,not nasal,,,
a,0.105694235, opa  ,2,2,root,V,yes,yes,not nasal,,,
a,0.09085834, opa  ,2,2,root,V,yes,yes,not nasal,,,
o,0.058560319, opa  ,1,2,pref,V,yes,no,not nasal,,,
o,0.072843324, opa  ,1,2,pref,V,yes,no,not nasal,,,
o,0.073488363, opa  ,1,2,pref,V,yes,no,not nasal,,,
?,0.096504613, os?n,2,2,,,no,no,nasal,,,
?,0.079573979, os?n,2,2,,,no,no,nasal,,,
?,0.069415599, os?n,2,2,,,no,no,nasal,,,
o,0.085401461, os?n  ,1,2,,,yes,no,not nasal,,,
o,0.096913256, os?n  ,1,2,,,yes,no,not nasal,,,
o,0.096447939, os?n  ,1,2,,,yes,no,not nasal,,,
i,0.107063172, oyi,2,2,root,N,no,yes,not nasal,,,
i,0.109956771, oyi,2,2,root,N,no,yes,not nasal,,,
i,0.099829174, oyi,2,2,root,N,yes,yes,not nasal,,,
?,0.129404615, oyi ,1,2,pref,N,yes,no,not nasal,,,
o,0.10109067, oyi ,1,2,pref,N,yes,no,not nasal,,,
o,0.101005466, oyi ,1,2,pref,N,yes,no,not nasal,,,
u,0.116174931, oyu,2,2,root,N,yes,yes,not nasal,,,
u,0.087916164, oyu,2,2,root,N,yes,yes,not nasal,,,
u,0.058056683, oyu,2,2,root,N,yes,yes,not nasal,,,
o,0.118438733, oyu ,1,2,pref,N,yes,no,not nasal,,,
o,0.109462131, oyu ,1,2,pref,N,yes,no,not nasal,,,
o,0.09395335, oyu ,1,2,pref,N,yes,no,not nasal,,,
a,0.127188029, pa  ,1,1,roo?,V,no,yes,not nasal,,,
a,0.141581973, pa  ,1,1,roo?,V,no,yes,not nasal,,,
a,0.139722835, pa  ,1,1,roo?,V,no,yes,not nasal,,,
e,0.132058944, peya,1,2,,,no,no,not nasal,,,
e,0.120053586, peya,1,2,,,no,no,not nasal,,,
a,0.079235367, peya ,2,2,,,no,yes,not nasal,,,
a,0.074433223, peya ,2,2,,,no,yes,not nasal,,,
e,0.13834966, peya ,1,2,,,no,no,not nasal,,,
o,0.09200487, pul  ,1,1,roo?,,no,no,not nasal,,,
u,0.072718639, pul  ,1,1,roo?,V,no,no,not nasal,,,
u,0.063710827, pul  ,1,1,roo?,V,no,no,not nasal,,,
u,0.079891184, pul  ,1,1,roo?,,no,no,not nasal,,,
u,0.099717121, pul  ,1,1,roo?,,no,no,not nasal,,,
a,0.112, sabule,1,3,,,no,no,not nasal,,,
e,0.053866719, sabule,3,3,,,no,yes,not nasal,,,
u,0.043006239, sabule,2,3,,,no,no,not nasal,,,
a,0.068419017, sabule ,1,3,,,no,no,not nasal,,,
e,0.049848141, sabule ,3,3,,,no,yes,not nasal,,,
u,0.045419349, sabule ,2,3,,,no,no,not nasal,,,
u,0.087091051, s?p?,2,2,,,no,yes,not nasal,,,
?,0.091405905, s?p?,2,2,,,no,yes,not nasal,,,
?,0.076754894, s?p?,2,2,,,no,yes,not nasal,,,
?,0.046583585, s?p? ,1,2,,,no,no,not nasal,,,
?,0.03839048, s?p? ,1,2,,,no,no,not nasal,,,
?,0.042641608, s?p? ,1,2,,,no,no,not nasal,,,
i,0.047426944, sokuli,3,3,,,no,yes,not nasal,,,
i,0.056073714, sokuli,3,3,,,no,yes,not nasal,,,
o,0.052534461, sokuli,1,3,,,no,no,not nasal,,,
o,0.052709291, sokuli,1,3,,,no,no,not nasal,,,
u,0.032773676, sokuli,2,3,,,no,no,not nasal,,,
u,0.034704583, sokuli,2,3,,,no,no,not nasal,,,
i,0.040594811, sokuli ,3,3,,,no,yes,not nasal,,,
i,0.064274843, sokuli ,3,3,,,no,yes,not nasal,,,
o,0.075219796, sokuli ,1,3,,,no,no,not nasal,,,
o,0.052056875, sokuli ,1,3,,,no,no,not nasal,,,
u,0.04246535, sokuli ,2,3,,,no,no,not nasal,,,
u,0.040590713, sokuli ,2,3,,,no,no,not nasal,,,
i,0.125184081, wi  ,1,1,roo?,V,no,yes,not nasal,,,
i,0.105688199, wi  ,1,1,roo?,V,no,yes,not nasal,,,
i,0.1046621, wi  ,1,1,roo?,V,no,yes,not nasal,,,
?,0.106543282, y?  ,1,1,roo?,V,no,yes,not nasal,,,
?,0.104149051, y?  ,1,1,roo?,V,no,yes,not nasal,,,
?,0.107740397, y?  ,1,1,roo?,V,no,yes,not nasal,,,
?,0.102987827, ye  ,1,1,roo?,V,no,yes,not nasal,,,
?,0.07001421, y?  ,1,1,roo?,V,no,yes,not nasal,,,
?,0.098158858, y?  ,1,1,roo?,V,no,yes,not nasal,,,
?,0.099600012, y?  ,1,1,roo?,V,no,yes,not nasal,,,
?,0.104788344, y?  ,1,1,roo?,V,no,yes,not nasal,,,
i,0.149297408, yi  ,1,1,roo?,V,no,yes,not nasal,,,
i,0.121592734, yi  ,1,1,roo?,V,no,yes,not nasal,,,
i,0.131201265, yi  ,1,1,roo?,V,no,yes,not nasal,,,
a,0.104337922,apa,2,2,root,N,no,yes,not nasal,,,
a,0.063906977,apa,1,2,pref,N,yes,no,not nasal,,,
a,0.135059921,ca ,1,1,roo?,V,no,yes,not nasal,,,
a,0.122500995,ca ,1,1,roo?,V,no,yes,not nasal,,,
a,0.142471745,ca ,1,1,roo?,V,no,yes,not nasal,,,
?,0.083850664,c? ,1,1,roo?,V,no,yes,not nasal,,,
?,0.121283997,c? ,1,1,roo?,V,no,yes,not nasal,,,
?,0.176797351,?dun,1,2,pref,N,yes,no,not nasal,,,
?,0.114039129,?dun,1,2,pref,N,yes,no,not nasal,,,
u,0.095198574,?dun,2,2,root,N,yes,no,nasal,,,
u,0.099562705,?dun,2,2,root,N,no,no,nasal,,,
?,0.108816475,c?,1,1,roo?,V,no,yes,not nasal,,,
?,0.075632423,c?,1,1,roo?,V,no,yes,not nasal,,,
?,0.07207325,c?,1,1,roo?,V,no,yes,not nasal,,,
?,0.100208407,c??,1,1,roo?,V,no,yes,not nasal,,,
?,0.148385525,c??,1,1,roo?,V,no,yes,not nasal,,,
?,0.122048701,c??,1,1,roo?,V,no,yes,not nasal,,,
?,0.09264009,?ko?,1,2,pref,N,yes,no,not nasal,,,
?,0.083202632,?ko?,1,2,pref,N,yes,no,not nasal,,,
?,0.074530168,?ko?,1,2,pref,N,yes,no,not nasal,,,
o,0.086921566,?ko?,2,2,root,N,no,no,nasal,,,
o,0.07680243,?ko?,2,2,root,N,no,no,nasal,,,
o,0.073287999,?ko?,2,2,root,N,no,no,nasal,,,
a,0.067621548,?kpa,2,2,root,N,yes,yes,not nasal,,,
a,0.065170591,?kpa,2,2,root,N,yes,yes,not nasal,,,
a,0.074025831,?kpa,2,2,root,N,yes,yes,not nasal,,,
?,0.057218233,?kpa,1,2,pref,N,yes,no,not nasal,,,
?,0.064239582,?kpa,1,2,pref,N,yes,no,not nasal,,,
?,0.072703941,?kpa,1,2,pref,N,yes,no,not nasal,,,
?,0.099599381,??l?,2,2,root,N,no,yes,not nasal,,,
?,0.085505211,??l?,2,2,root,V,no,yes,not nasal,,,
?,0.073694432,??l?,2,2,root,V,no,yes,not nasal,,,
?,0.07713014,??l?,2,2,root,V,no,yes,not nasal,,,
?,0.079348617,??l?,1,2,pref,N,yes,no,not nasal,,,
?,0.078890445,??l?,1,2,pref,V,yes,no,not nasal,,,
?,0.091821595,??l?,1,2,pref,V,yes,no,not nasal,,,
?,0.105824342,??l?,1,2,pref,N,yes,no,not nasal,,,
?,0.080774515,?l?? ?l??,2,2,root,N,no,no,nasal,,,
?,0.064367192,?l?? ?l??,2,2,root,N,no,no,nasal,,,
?,0.078808129,?l?? ?l??,1,2,pref,N,yes,no,not nasal,,,
?,0.096268727,?l?? ?l??,1,2,pref,N,yes,no,not nasal,,,
a,0.082574333,?pa,2,2,root,N,yes,yes,not nasal,,,
a,0.095754099,?pa,2,2,root,N,yes,yes,not nasal,,,
?,0.099777319,?pa,1,2,pref,N,yes,no,not nasal,,,
?,0.085567493,?pa,1,2,pref,N,yes,no,not nasal,,,
a,0.079133736,?pa ,2,2,root,N,yes,yes,not nasal,,,
?,0.072252541,?pa ,1,2,pref,N,yes,no,not nasal,,,
?,0.138775878,??,1,1,roo?,V,no,yes,not nasal,,,
?,0.12287228,??,1,1,roo?,V,no,yes,not nasal,,,
?,0.11715729,??,1,1,roo?,V,no,yes,not nasal,,,
a,0.116924304,da,1,1,roo?,V,no,yes,not nasal,,,
a,0.106902221,da,1,1,roo?,V,no,yes,not nasal,,,
a,0.106902221,da,1,1,roo?,V,no,yes,not nasal,,,
?,0.127023692,d?,1,1,roo?,V,no,yes,not nasal,,,
?,0.132481948,d?,1,1,roo?,V,no,yes,not nasal,,,
?,0.150016324,d?,1,1,roo?,V,no,yes,not nasal,,,
?,0.150016324,d?,1,1,roo?,V,no,yes,not nasal,,,
?,0.123617347,d?,1,1,roo?,V,no,yes,not nasal,,,
u,0.154831936,du,1,1,roo?,V,no,yes,not nasal,,,
u,0.131696129,du,1,1,roo?,V,no,yes,not nasal,,,
e,0.084510423,epu,1,2,pref,N,yes,no,not nasal,,,
e,0.084510423,epu,1,2,pref,N,yes,no,not nasal,,,
e,0.064141787,epu,1,2,pref,N,yes,no,not nasal,,,
u,0.068413199,epu,2,2,root,N,yes,yes,not nasal,,,
u,0.092559034,epu,2,2,root,N,yes,yes,not nasal,,,
u,0.07111372,epu,2,2,root,N,no,yes,not nasal,,,
a,0.119333952,fal,1,1,roo?,V,no,no,not nasal,,,
a,0.092975446,fal,1,1,roo?,V,no,no,not nasal,,,
a,0.099602349,fal,1,1,roo?,V,no,no,not nasal,,,
?,0.141883211,f?,1,1,roo?,V,no,yes,not nasal,,,
?,0.12004651,f?,1,1,roo?,V,no,yes,not nasal,,,
?,0.123797964,f?,1,1,roo?,V,no,yes,not nasal,,,
a,0.082975117,g?ca,2,2,root,N,no,yes,not nasal,,,
a,0.094050099,g?ca,2,2,root,N,no,yes,not nasal,,,
?,0.061748924,g?ca,1,2,pref,N,no,no,not nasal,,,
?,0.08061437,g?ca,1,2,pref,N,no,no,not nasal,,,
?,0.055683369,g?c?,1,2,pref,N,no,no,not nasal,,,
?,0.0518854,g?c?,1,2,pref,N,no,no,not nasal,,,
?,0.056379411,g?c?,1,2,pref,N,no,no,not nasal,,,
?,0.051481184,g?c?,1,2,pref,N,no,no,not nasal,,,
?,0.063836668,g?c?,1,2,pref,N,no,no,not nasal,,,
?,0.050668323,g?c?,1,2,pref,N,no,no,not nasal,,,
?,0.076564632,g?c?,2,2,root,N,yes,yes,not nasal,,,
?,0.080710622,g?c?,2,2,root,N,yes,yes,not nasal,,,
?,0.087701306,g?c?,2,2,root,N,yes,yes,not nasal,,,
?,0.107080863,g?c?,2,2,root,N,yes,yes,not nasal,,,
?,0.084429142,g?c?,2,2,root,N,yes,yes,not nasal,,,
?,0.121603976,g?c?,2,2,root,N,yes,yes,not nasal,,,
?,0.045460144,g???,1,2,pref,N,no,no,not nasal,,,
?,0.050245571,g???,1,2,pref,N,no,no,not nasal,,,
?,0.059687012,g???,1,2,pref,N,no,no,not nasal,,,
?,0.043302342,g???,1,2,pref,N,no,no,not nasal,,,
?,0.118259956,g???,2,2,root,N,no,yes,not nasal,,,
?,0.101560196,g???,2,2,root,N,no,yes,not nasal,,,
?,0.11820369,g???,2,2,root,N,yes,yes,not nasal,,,
?,0.107670688,g???,2,2,root,N,yes,yes,not nasal,,,
?,0.049417092,g?f?,1,2,pref,N,no,no,not nasal,,,
?,0.049417092,g?f?,1,2,pref,N,no,no,not nasal,,,
?,0.045682518,g?f?,1,2,pref,N,no,no,not nasal,,,
?,0.101799209,g?f?,2,2,root,N,no,yes,not nasal,,,
?,0.097845841,g?f?,2,2,root,N,no,yes,not nasal,,,
?,0.078312887,g?f?,2,2,root,N,no,yes,not nasal,,,
a,0.087731466,g?nan,2,2,root,N,no,no,nasal,,,
a,0.059657397,g?nan,2,2,root,N,no,no,nasal,,,
a,0.087423637,g?nan,2,2,root,N,no,no,nasal,,,
?,0.061996903,g?nan,1,2,pref,N,no,no,nasal,,,
?,0.073631558,g?nan,1,2,pref,N,no,no,nasal,,,
?,0.078117298,g?nan,1,2,pref,N,no,no,nasal,,,
u,0.108830085,gudu,2,2,root,NUM,no,yes,not nasal,,,
u,0.080111035,gudu,2,2,root,NUM,no,yes,not nasal,,,
u,0.082736322,gudu,2,2,root,NUM,no,yes,not nasal,,,
u,0.07255339,gudu,1,2,roo?,NUM,no,no,not nasal,,,
u,0.075576448,gudu,1,2,roo?,NUM,no,no,not nasal,,,
u,0.102041464,gudu,1,2,roo?,NUM,no,no,not nasal,,,
u,0.090592885,gufu,2,2,root,N,yes,yes,not nasal,,,
u,0.115584026,gufu,2,2,root,N,yes,yes,not nasal,,,
u,0.118707919,gufu,2,2,root,N,yes,yes,not nasal,,,
u,0.07184953,gufu,1,2,pref,N,no,no,not nasal,,,
u,0.082783154,gufu,1,2,pref,N,no,no,not nasal,,,
u,0.08620456,gufu,1,2,pref,N,no,no,not nasal,,,
a,0.10710422,kpali,1,2,roo?,V,no,no,not nasal,,,
a,0.110937074,kpali,1,2,roo?,V,no,no,not nasal,,,
e,0.079832938,kpali,2,2,root,V,yes,yes,not nasal,,,
e,0.07640006,kpali,2,2,root,V,yes,yes,not nasal,,,
?,0.130175453,kp?,1,1,roo?,V,no,yes,not nasal,,,
?,0.125794161,kp?,1,1,roo?,V,no,yes,not nasal,,,
?,0.11601017,kp?,1,1,roo?,V,no,yes,not nasal,,,
?,0.116236497,lo?? ,2,2,root,N,yes,yes,not nasal,,,
?,0.116236497,lo?? ,2,2,root,N,no,yes,not nasal,,,
?,0.114543434,lo?? ,2,2,root,N,no,yes,not nasal,,,
o,0.071909019,lo?? ,1,2,roo?,N,no,no,nasal,,,
o,0.080774515,lo?? ,1,2,roo?,N,no,no,nasal,,,
o,0.082621493,lo?? ,1,2,roo?,N,no,no,nasal,,,
o,0.084222208,lo?o ,2,2,root,N,yes,yes,not nasal,,,
o,0.068430544,lo?o ,2,2,root,N,no,yes,not nasal,,,
o,0.080712949,lo?o ,1,2,roo?,N,no,no,nasal,,,
o,0.07895832,lo?o ,1,2,roo?,N,no,no,nasal,,,
a,0.114205793,n?a,1,1,roo?,V,no,yes,not nasal,,,
a,0.094988472,n?a,1,1,roo?,V,no,yes,not nasal,,,
a,0.098349829,n?a,1,1,roo?,V,no,yes,not nasal,,,
a,0.112981259,n?a,1,1,roo?,V,no,yes,not nasal,,,
a,0.097344383,n?a,1,1,roo?,V,no,yes,not nasal,,,
a,0.090932477,n?a,1,1,roo?,V,no,yes,not nasal,,,
a,0.116374075,n?a(li),1,2,roo?,V,no,no,not nasal,,,
a,0.116374075,n?a(li),1,2,roo?,V,no,no,not nasal,,,
i,0.066853192,n?a(li),2,2,root,V,no,no,not nasal,,,
i,0.056949015,n?a(li),2,2,root,V,no,no,not nasal,,,
a,0.10126498,n?mali,1,2,roo?,V,no,no,not nasal,,,
a,0.121330016,npa  ,1,1,roo?,,no,yes,not nasal,,,
?,0.100899829,ns?,1,1,roo?,N,no,yes,not nasal,,,
?,0.10788542,ns?,1,1,roo?,N,no,yes,not nasal,,,
?,0.092224634,ns?,1,1,roo?,N,no,yes,not nasal,,,
?,0.072801726,ns??,1,1,roo?,V,no,yes,not nasal,,,
?,0.100598748,ns??,1,1,roo?,V,no,yes,not nasal,,,
?,0.108385491,ns??,1,1,roo?,V,no,yes,not nasal,,,
a,0.076310984,?mali,1,2,roo?,V,no,no,not nasal,,,
a,0.080193506,?mali,1,2,roo?,V,no,no,not nasal,,,
a,0.071314861,?mali,1,2,roo?,V,no,no,not nasal,,,
i,0.087534834,?mali,2,2,root,V,no,yes,not nasal,,,
i,0.071314861,?mali,2,2,root,V,no,yes,not nasal,,,
o,0.11490885,o?u,1,2,pref,N,yes,no,not nasal,,,
o,0.130762585,o?u,1,2,pref,N,yes,no,not nasal,,,
o,0.133441743,o?u,1,2,pref,N,yes,no,not nasal,,,
o,0.097211197,o?u,1,2,pref,N,yes,no,not nasal,,,
o,0.114681036,o?u,1,2,pref,N,yes,no,not nasal,,,
o,0.08974425,o?u,1,2,pref,N,yes,no,not nasal,,,
u,0.100284088,o?u,2,2,root,N,no,yes,not nasal,,,
u,0.116752308,o?u,2,2,root,N,no,yes,not nasal,,,
u,0.115941186,o?u,2,2,root,N,no,yes,not nasal,,,
u,0.085869891,o?u,2,2,root,N,no,yes,not nasal,,,
u,0.083686161,o?u,2,2,root,N,no,yes,not nasal,,,
u,0.068376572,o?u,2,2,root,N,no,yes,not nasal,,,
o,0.120509742,oko ,1,2,roo?,NUM,yes,no,not nasal,,,
o,0.111619679,oko ,1,2,roo?,NUM,yes,no,not nasal,,,
o,0.081492244,oko ,1,2,roo?,NUM,yes,no,not nasal,,,
?,0.098817989,oko ,2,2,root,NUM,no,yes,not nasal,,,
?,0.093760531,oko ,2,2,root,NUM,yes,yes,not nasal,,,
?,0.080405681,oko ,2,2,root,NUM,yes,yes,not nasal,,,
a,0.081422203,sa,1,1,roo?,V,no,yes,not nasal,,,
a,0.094877567,sa,1,1,roo?,V,no,yes,not nasal,,,
a,0.066459693,sa,1,1,roo?,V,no,yes,not nasal,,,
a,0.107895564,saa,1,1,roo?,V,no,yes,not nasal,,,
a,0.119497071,saa,1,1,roo?,V,no,yes,not nasal,,,
a,0.11420959,saa,1,1,roo?,V,no,yes,not nasal,,,
a,0.150293693,sal,1,1,roo?,V,no,no,not nasal,,,
a,0.11272027,sal,1,1,roo?,V,no,no,not nasal,,,
a,0.109304504,sal,1,1,roo?,V,no,no,not nasal,,,
?,0.142924692,s?,1,1,roo?,V,no,yes,not nasal,,,
?,0.127506558,s?,1,1,roo?,V,no,yes,not nasal,,,
?,0.136350014,s?,1,1,roo?,V,no,yes,not nasal,,,

